ID;FOURNISSEUR;FAMILLE;REFERENCE;DESIGNATION;MARQUE;prix au;PRIX DE BASE; PRIX NET ;
46109;CEF;APPAREILLAGE;46109;Douille Nylon B;Ebenoid;UN;149,32;102,98;
45238;CEF;APPAREILLAGE;45238;Douille B22+C;Ebenoid;UN;180,76;124,66;
45218;CEF;APPAREILLAGE;45218;Testeur D'insta;Ebenoid;UN;75,84;52,3;
55215;CEF;APPAREILLAGE;55215;Eo avec Inter+P;Ebenoid;UN;6727,01;4639,32;
55201;CEF;APPAREILLAGE;55201;Eo Simple;Ebenoid;UN;1480,41;1020,97;
55203;CEF;APPAREILLAGE;55203;Eo avec Inter;Ebenoid;UN;1722,08;1187,64;
55205;CEF;APPAREILLAGE;55205;Eo avec Inter+P;Ebenoid;UN;2387,12;1646,29;
21408;CEF;APPAREILLAGE;21408;Fiche Male 16A;Ebenoid;UN;259,35;178,86;
21471;CEF;APPAREILLAGE;21471;Fiche Male 16A;Ebenoid;UN;602,19;415,3;
21474;CEF;APPAREILLAGE;21474;Fiche Femelle 1;Ebenoid;UN;749,53;516,92;
21114;CEF;APPAREILLAGE;21114;Fiche Male 16A;Ebenoid;UN;237,73;163,95;
21148;CEF;APPAREILLAGE;21148;Fiche Male 16A;Ebenoid;UN;180,76;124,66;
21429;CEF;APPAREILLAGE;21429;Fiche Femelle 1;Ebenoid;UN;314,36;216,8;
21353;CEF;APPAREILLAGE;21353;Fiche Femelle 1;Ebenoid;UN;324,18;223,57;
77762;CEF;APPAREILLAGE;77762;Hublot Rond 62;Ebenoid;UN;1188,65;819,76;
52022;CEF;APPAREILLAGE;52022;Pack 300 btes+S;Eur Hom;UN;267,41;184,42;
52029;CEF;APPAREILLAGE;52029;Bte Pl Dble D67;Eur Hom;UN;418,54;288,65;
52046;CEF;APPAREILLAGE;52046;Bte Pl Tple D67;Eur Hom;UN;453,08;312,47;
53030;CEF;APPAREILLAGE;53030;Bte d'appl. Pla;Eur Hom;UN;441,80;304,69;
53034;CEF;APPAREILLAGE;53034;Boite Appl. Dcl;Eur Hom;UN;569,69;392,89;
53012;CEF;APPAREILLAGE;53012;Bte Ctre Plac D;Eur Hom;UN;577,98;398,61;
53014;CEF;APPAREILLAGE;53014;Kit Pt Ctre Pl.;Eur Hom;UN;58,13;40,09;
52044;CEF;APPAREILLAGE;52044;Bte Pl Dble D67;Eur Hom;UN;11455,00;7900;
43534;CEF;APPAREILLAGE;43534;Attache Multi 2;Eur Hom;UN;279,04;192,44;
43533;CEF;APPAREILLAGE;43533;Attache Multi 1;Eur Hom;UN;8,74;6,03;
43532;CEF;APPAREILLAGE;43532;Attache Multi 1;Eur Hom;UN;7,45;5,14;
43514;CEF;APPAREILLAGE;43514;Attache 25MM Gr;Eur Hom;UN;10,77;7,43;
43512;CEF;APPAREILLAGE;43512;Attache 20MM Gr;Eur Hom;UN;23,03;15,88;
43510;CEF;APPAREILLAGE;43510;Attache 16MM Gr;Eur Hom;UN;10,22;7,05;
43509;CEF;APPAREILLAGE;43509;Attache 14MM Gr;Eur Hom;UN;8,06;5,56;
43508;CEF;APPAREILLAGE;43508;Attache 12 Mm G;Eur Hom;UN;7,73;5,33;
43507;CEF;APPAREILLAGE;43507;Attache 10MM Gr;Eur Hom;UN;6,99;4,82;
43506;CEF;APPAREILLAGE;43506;Attache 9MM Gr;Eur Hom;UN;5,92;4,08;
43505;CEF;APPAREILLAGE;43505;Attache 8MM Gr;Eur Hom;UN;5,63;3,88;
43503;CEF;APPAREILLAGE;43503;Attache 6MM Gr;Eur Hom;UN;5,26;3,63;
264280;CEF;APPAREILLAGE;264280;Inter Diff 2x40A 30 MA Typ ;Moeller;UN;34,47;23,77;
264286;CEF;APPAREILLAGE;264286;Inter Diff 2x63A 30 MA Typ ;Moeller;UN;56,01;38,63;
264300;CEF;APPAREILLAGE;264300;Inter Diff 4x40A 30 MA Typ ;Moeller;UN;67,56;46,59;
264306;CEF;APPAREILLAGE;264306;Inter Diff 4x63A 30 MA Typ ;Moeller;UN;114,78;79,16;
265574;CEF;APPAREILLAGE;265574;Contacteur J/V 230V 20A 2;Moeller;UN;32,60;22,48;
265262;CEF;APPAREILLAGE;265262;Telerupteur 16A 230V AC 1;Moeller;UN;18,78;12,95;
264741;CEF;APPAREILLAGE;264741;Disj PH+N 2A 6KA Courbe C;Moeller;UN;11,18;7,71;
264744;CEF;APPAREILLAGE;264744;Disj. Div.P+N10A/C/PDC4,5K;Moeller;UN;7,89;5,44;
264746;CEF;APPAREILLAGE;264746;Disj. Div.P+N16A/C/PDC4,5K;Moeller;UN;7,89;5,44;
264747;CEF;APPAREILLAGE;264747;Disj. Div.P+N20A/C/PDC4,5K;Moeller;UN;7,89;5,44;
264749;CEF;APPAREILLAGE;264749;Disj PH+N 32A 6KA Courbe ;Moeller;UN;9,79;6,75;
107942;CEF;APPAREILLAGE;107942;Barre Pont 63A 13Modules/;Moeller;UN;15,43;10,64;
264936;CEF;APPAREILLAGE;264936;Borne Isolée Courte Coue;Moeller;UN;3,28;2,26;
248211;CEF;APPAREILLAGE;248211;Inter Hebdo Digital 10F;Moeller;UN;109,74;75,68;
248210;CEF;APPAREILLAGE;248210;Inter Journalier Digital;Moeller;UN;92,22;63,6;
TN 411;CEF;APPAREILLAGE;TN 411;COFFRET VDI SEM;Nodeis Hager;UN;333,89;230,27;
TN413;CEF;APPAREILLAGE;TN413;COFFRET VDI SEM;Nodeis Hager;UN;380,63;262,5;
TN421;CEF;APPAREILLAGE;TN421;COFFRET VDI SEM;Nodeis Hager;UN;396,56;273,49;
TN423;CEF;APPAREILLAGE;TN423;COFFRET VDI SEM;Nodeis Hager;UN;442,09;304,89;
TN431;CEF;APPAREILLAGE;TN431;COFFRET VDI SEM;Nodeis Hager;UN;584,73;403,26;
TN433;CEF;APPAREILLAGE;TN433;COFFRET VDI SEM;Nodeis Hager;UN;700,00;482,76;
TN202S;CEF;APPAREILLAGE;TN202S;REPARTITEUR TV;Nodeis Hager;UN;13,85;9,55;
TN204S;CEF;APPAREILLAGE;TN204S;REPARTITEUR TV;Nodeis Hager;UN;19,29;13,3;
TN206S;CEF;APPAREILLAGE;TN206S;REPARTITEUR TV;Nodeis Hager;UN;20,69;14,27;
TN121;CEF;APPAREILLAGE;TN121;FILTRE ADSL MOD;Nodeis Hager;UN;106,17;73,22;
SPN505;CEF;APPAREILLAGE;SPN505;PARAFOUDRE;Nodeis Hager;UN;139,95;96,52;
TN001S;CEF;APPAREILLAGE;TN001S;4 CONNECTEURS;Nodeis Hager;UN;15,56;10,73;
TN002S;CEF;APPAREILLAGE;TN002S;4 CONNECTEURS;Nodeis Hager;UN;22,68;15,64;
35021;CEF;APPAREILLAGE;35021;Va et Vient;Sarel;UN;6,74;4,65;
35022;CEF;APPAREILLAGE;35022;Double va et vient;Sarel;UN;13,98;9,64;
35026;CEF;APPAREILLAGE;35026;Bouton Poussoir;Sarel;UN;7,63;5,26;
35024;CEF;APPAREILLAGE;35024;Inter. V et V. Lu;Sarel;UN;11,38;7,85;
36030;CEF;APPAREILLAGE;36030;Pc 16A 2P+T Nf;Sarel;UN;7,70;5,31;
60131;CEF;APPAREILLAGE;60131;espace prise 2p+t 16a auto;ARNOULD;UN;3,49;2,41;
60101;CEF;APPAREILLAGE;60101;espace vv 10a;ARNOULD;UN;4,22;2,91;
60102;CEF;APPAREILLAGE;60102;espace double vv 10a;ARNOULD;UN;10,16;7,01;
60105;CEF;APPAREILLAGE;60105;espace inter temoin 10a;ARNOULD;UN;13,35;9,21;
60107;CEF;APPAREILLAGE;60107;espace vv lumineux;ARNOULD;UN;10,79;7,44;
60108;CEF;APPAREILLAGE;60108;espace permutateur;ARNOULD;UN;15,53;10,71;
60110;CEF;APPAREILLAGE;60110;espace poussoir 6a;ARNOULD;UN;82,32;56,77;
60540;CEF;APPAREILLAGE;60540;espace prise telephone;ARNOULD;UN;11,11;7,66;
60629;CEF;APPAREILLAGE;60629;espace a vis prise tv simple;ARNOULD;UN;8,47;5,84;
60638;CEF;APPAREILLAGE;60638;espace sortie de cable 20a;ARNOULD;UN;9,61;6,63;
60671;CEF;APPAREILLAGE;60671;espace prise tv sortie f a vis;ARNOULD;UN;9,15;6,31;
60699;CEF;APPAREILLAGE;60699;espace obturateur;ARNOULD;UN;5,48;3,78;
60802;CEF;APPAREILLAGE;60802;espace plaque simple (60805);ARNOULD;UN;1,41;0,97;
60802;CEF;APPAREILLAGE;60802;espace plaque simple (60805);ARNOULD;UN;1,28;0,88;
60822;CEF;APPAREILLAGE;60822;espace plaque dle vert (60825);ARNOULD;UN;3,06;2,11;
60842;CEF;APPAREILLAGE;60842;espace plaque dle hor (60845);ARNOULD;UN;3,06;2,11;
60862;CEF;APPAREILLAGE;60862;espace plaque trip vert (60865);ARNOULD;UN;5,74;3,96;
60882;CEF;APPAREILLAGE;60882;espace plaq triple h/v (60885);ARNOULD;UN;5,74;3,96;
470429;CEF;APPAREILLAGE;470429;DISJ PH/N SN201SL-C2/4,5KA;MOELLER;UN;11,24;7,75;
470436;CEF;APPAREILLAGE;470436;DISJ PH/N SN201SL-C10/4,5KA;MOELLER;UN;8,70;6;
470438;CEF;APPAREILLAGE;470438;DISJ PH/N SN201SL-C16/4,5KA;MOELLER;UN;8,70;6;
470439;CEF;APPAREILLAGE;470439;DISJ PH/N SN201SL-C20/4,5KA;MOELLER;UN;8,70;6;
470441;CEF;APPAREILLAGE;470441;DISJ PH/N SN201SL-C32/4,5KA;MOELLER;UN;10,88;7,5;
444051;CEF;APPAREILLAGE;444051;inter dif fh202s ac-40/0,03;MOELLER;UN;40,60;28;
444061;CEF;APPAREILLAGE;444061;inter dif fh202s ac-63/0,04;MOELLER;UN;65,25;45;
MFN702;CEF;APPAREILLAGE;MFN702;disjoncteur 1p+n 3ka c-2a 1m;HAGER;UN;18,52;12,77;
MFN710;CEF;APPAREILLAGE;MFN710;disjoncteur 1p+n 3ka c-10a 1m;HAGER;UN;11,69;8,06;
MFN716;CEF;APPAREILLAGE;MFN716;disjoncteur 1p+n 3ka c-16a 1m;HAGER;UN;11,69;8,06;
MFN720;CEF;APPAREILLAGE;MFN720;disjoncteur 1p+n 3ka c-20a 1m;HAGER;UN;11,69;8,06;
MFN732;CEF;APPAREILLAGE;MFN732;disjoncteur 1p+n 3ka c-32a 1m;HAGER;UN;14,86;10,25;
CDC742F;CEF;APPAREILLAGE;CDC742F;inter diff 2p 40a 30ma ac borne dec;HAGER;UN;60,90;42;
CDC764F;CEF;APPAREILLAGE;CDC764F;inter diff 2p 63a 30ma ac borne dec;HAGER;UN;99,08;68,33;
CDA743F;CEF;APPAREILLAGE;CDA743F;inter diff 2p 40a 30ma a borne dec;HAGER;UN;73,08;50,4;
CDA765F;CEF;APPAREILLAGE;CDA765F;inter diff 2p 63a 30ma a borne dec;HAGER;UN;127,69;88,06;
MFS702;CEF;APPAREILLAGE;MFS702;disjoncteur 1p+n 3ka c-2a sanvis 1m;HAGER;UN;19,27;13,29;
MFS710;CEF;APPAREILLAGE;MFS710;disjoncteur 1p+n 3ka c-10a sanvis 1m;HAGER;UN;12,12;8,36;
MFS716;CEF;APPAREILLAGE;MFS716;disjoncteur 1p+n 3ka c-16a sanvis 1m;HAGER;UN;12,12;8,36;
MFS720;CEF;APPAREILLAGE;MFS720;disjoncteur 1p+n 3ka c-20a sanvis 1m;HAGER;UN;12,12;8,36;
MFS732;CEF;APPAREILLAGE;MFS732;disjoncteur 1p+n 3ka c-32a sanvis 1m;HAGER;UN;15,47;10,67;
CDS742F;CEF;APPAREILLAGE;CDS742F;inter diff 2p 40a 30ma ac sanvis;HAGER;UN;60,90;42;
CDS743F;CEF;APPAREILLAGE;CDS743F;inter diff 2p 40a 30ma a sanvis;HAGER;UN;73,08;50,4;
CDS764F;CEF;APPAREILLAGE;CDS764F;inter diff 2p 63 30ma ac sanvis;HAGER;UN;99,08;68,33;
CDS765F;CEF;APPAREILLAGE;CDS765F;inter diff 2p 63 30ma a sanvis;HAGER;UN;118,78;81,92;
JA100N;CEF;APPAREILLAGE;JA100N;goulotte larg 250mm lg 2,6mm pr coffrets;HAGER;UN;91,54;63,13;
JC100N;CEF;APPAREILLAGE;JC100N;couvercle lg 250mm pour ja100n;HAGER;UN;40,37;27,84;
KBS763;CEF;APPAREILLAGE;KBS763;barres pontage système sanvis;HAGER;UN;9,77;6,74;
KCN225;CEF;APPAREILLAGE;KCN225;barre alim id pr 2 rangées entr 125mm;HAGER;UN;11,92;8,22;
KCN325;CEF;APPAREILLAGE;KCN325;barre alim id pr 3 rangées entr 125mm;HAGER;UN;16,91;11,66;
KCN425;CEF;APPAREILLAGE;KCN425;barre alim id pr 4 rangées entr 125mm;HAGER;UN;24,80;17,1;
KB163N;CEF;APPAREILLAGE;KB163N;barre pontage 1p lang 10mm² bleu 13m;HAGER;UN;4,71;3,25;
KB163P;CEF;APPAREILLAGE;KB163P;barre pontage 1p lang 10mm² marron 13m;HAGER;UN;4,71;3,25;
GD113A;CEF;APPAREILLAGE;GD113A;coffret gamma 13,1 rangée 13m;HAGER;UN;24,93;17,19;
GD213A;CEF;APPAREILLAGE;GD213A;coffret gamma 13,2 rangée 26m;HAGER;UN;39,28;27,09;
GD313A;CEF;APPAREILLAGE;GD313A;coffret gamma 13,3 rangée 39m;HAGER;UN;57,09;39,37;
GD413A;CEF;APPAREILLAGE;GD413A;coffret gamma 13,4 rangée 52m;HAGER;UN;80,53;55,54;
ALB81051;CEF;APPAREILLAGE;ALB81051;inter va et vient alv b;SCHNEIDER;UN;3,48;2,4;
ALB81056;CEF;APPAREILLAGE;ALB81056;double va et vient alv b;SCHNEIDER;UN;9,93;6,85;
ALB81053;CEF;APPAREILLAGE;ALB81053;poussr a fermeture alv b;SCHNEIDER;UN;6,12;4,22;
ALB81037;CEF;APPAREILLAGE;ALB81037;rj45 cat 5e sple ftp;SCHNEIDER;UN;9,53;6,57;
ALB81311;CEF;APPAREILLAGE;ALB81311;pr tv simpl auto alv bl;SCHNEIDER;UN;8,18;5,64;
ALB81073;CEF;APPAREILLAGE;ALB81073;pc 2p avec t auto blanc;SCHNEIDER;UN;3,05;2,1;
ALB81000;CEF;APPAREILLAGE;ALB81000;plaq simple design alv b;SCHNEIDER;UN;1,15;0,79;
ALB81073;CEF;APPAREILLAGE;ALB81073;pc 2p avec t auto blanc;SCHNEIDER;UN;91,35;63;
ALB81051;CEF;APPAREILLAGE;ALB81051;inter va et vient alv b;SCHNEIDER;UN;13,92;9,6;
ALB81057;CEF;APPAREILLAGE;ALB81057;vv lumx avec lamp 230v al;SCHNEIDER;UN;11,63;8,02;
ALB81053;CEF;APPAREILLAGE;ALB81053;poussr a fermeture alv b;SCHNEIDER;UN;42,79;29,51;
ALB81000;CEF;APPAREILLAGE;ALB81000;plaq simple design alv b;SCHNEIDER;UN;22,77;15,7;
ALB81271;CEF;APPAREILLAGE;ALB81271;plq 2p71v h design alv b;SCHNEIDER;UN;31,36;21,63;
13021140;CEF;CONDUITS;13021140;Flexpro+Noir T;CENTAUR;UN;33,71;23,25;
13021540;CEF;CONDUITS;13021540;Flexpro+Noir T;CENTAUR;UN;37,37;25,77;
13021940;CEF;CONDUITS;13021940;Flexpro+Noir T;CENTAUR;UN;63,03;43,47;
11002;CEF;CONDUITS;11002;PRE-FILE 16 3X1;CENTAUR;UN;98,09;67,65;
11004;CEF;CONDUITS;11004;PRE-FILE 16 3X1;CENTAUR;UN;408,73;281,88;
11006;CEF;CONDUITS;11006;PRE-FILE 16 3X1;CENTAUR;UN;408,73;281,88;
11008;CEF;CONDUITS;11008;PRE-FILE 16 3X1;CENTAUR;UN;408,73;281,88;
11036;CEF;CONDUITS;11036;PRE-FILE 20 3X2;CENTAUR;UN;139,35;96,1;
11030;CEF;CONDUITS;11030;PRE-FILE 20 4X1;CENTAUR;UN;126,53;87,26;
11045;CEF;CONDUITS;11045;PRE-FILE COAXIA;CENTAUR;UN;78,68;54,26;
11047;CEF;CONDUITS;11047;PRE-FILE TELEPH;CENTAUR;UN;89,60;61,79;
732409;CEF;CONDUITS;732409;Socle Cofralis;Rehau;UN;46,40;32;
732419;CEF;CONDUITS;732419;Couv Cofralis 2;Rehau;UN;26,10;18;
735400;CEF;CONDUITS;735400;Moul Decora 22X;Rehau;UN;1,54;1,06;
735410;CEF;CONDUITS;735410;Moul Decora 32X;Rehau;UN;2,12;1,46;
735420;CEF;CONDUITS;735420;Moul Decora 34X;Rehau;UN;4,06;2,8;
735430;CEF;CONDUITS;735430;Moul Decora 44X;Rehau;UN;5,48;3,78;
735440;CEF;CONDUITS;735440;Moul Decora 54X;Rehau;UN;7,83;5,4;
735800;CEF;CONDUITS;735800;Goul Clidi 90X5;Rehau;UN;17,34;11,96;
735452;CEF;CONDUITS;735452;Moul Decora 74X;Rehau;UN;10,40;7,17;
735810;CEF;CONDUITS;735810;Goulotte Clidi;Rehau;UN;28,83;19,88;
733922;CEF;CONDUITS;733922;Goulotte Axis 1;Rehau;UN;3,12;2,15;
733932;CEF;CONDUITS;733932;Goulotte Axis 4;Rehau;UN;7,54;5,2;
733942;CEF;CONDUITS;733942;Goulotte Axis 4;Rehau;UN;0,00;;
733952;CEF;CONDUITS;733952;Goulotte Axis 6;Rehau;UN;11,11;7,66;
733962;CEF;CONDUITS;733962;Goulotte Axis 9;Rehau;UN;15,57;10,74;
733972;CEF;CONDUITS;733972;Goulotte Axis 1;Rehau;UN;19,46;13,42;
733982;CEF;CONDUITS;733982;Goulotte Axis 6;Rehau;UN;16,54;11,41;
733992;CEF;CONDUITS;733992;Goulotte Axis 9;Rehau;UN;19,27;13,29;
900470;CEF;DIVERS;900470;Mastic Ms 9 Poly;Distrimark;UN;28,45;19,62;
900160;CEF;DIVERS;900160;Mastic Ms 9 Poly;Distrimark;UN;28,45;19,62;
900300;CEF;DIVERS;900300;Mastic Ms 9 Poly;Distrimark;UN;28,45;19,62;
900100;CEF;DIVERS;900100;Mastic Ms 9 Poly;Distrimark;UN;29,84;20,58;
902100;CEF;DIVERS;902100;Profi-cleaner S;Distrimark;UN;19,78;13,64;
903400;CEF;DIVERS;903400;Ms 9 Ultra Fix;Distrimark;UN;70,46;48,59;
738013;CEF;DIVERS;738013;Rs 16;Duvauchel;UN;64,42;44,43;
633318;CEF;DIVERS;633318;Hs 300 Duo Blan;Duvauchel;UN;83,46;57,56;
730819;CEF;DIVERS;730819;Rs 13 L Plafonn;Duvauchel;UN;109,49;75,51;
633417;CEF;DIVERS;633417;Hs 500 Duo Noir;Duvauchel;UN;92,45;63,76;
633011;CEF;DIVERS;633011;Hs 150 Duo Noir;Duvauchel;UN;70,27;48,46;
633219;CEF;DIVERS;633219;Hs 300 Duo Noir;Duvauchel;UN;83,46;57,56;
633110;CEF;DIVERS;633110;Hs 150 Duo Blan;Duvauchel;UN;70,27;48,46;
602611;CEF;DIVERS;602611;IS 360 D Blanc;Duvauchel;UN;88,16;60,8;
605711;CEF;DIVERS;605711;IS 2180-5 Noir;Duvauchel;UN;78,17;53,91;
608910;CEF;DIVERS;608910;Is 140-2 Blanc;Duvauchel;UN;58,10;40,07;
603113;CEF;DIVERS;603113;Is 180-2 Noir;Duvauchel;UN;62,15;42,86;
600310;CEF;DIVERS;600310;Is 1 Blanc;Duvauchel;UN;25,67;17,7;
501212SR4;CEF;DIVERS;501212SR4;Kheo 2 Sa Sans;Nather;UN;78,30;54;
550513;CEF;DIVERS;550513;VC125PVC SIMPLE;Nather;UN;28,78;19,85;
550511;CEF;DIVERS;550511;VC80 PVC SIMPLE;Nather;UN;19,91;13,73;
552301;CEF;DIVERS;552301;FLEXALU 80 LG3;Nather;UN;12,47;8,6;
552303;CEF;DIVERS;552303;FLEXALU 125 LG;Nather;UN;17,28;11,92;
552304;CEF;DIVERS;552304;FLEXALU 160 LG;Nather;UN;23,11;15,94;
550111;CEF;DIVERS;550111;VCA80 PVC RENFO;Nather;UN;16,69;11,51;
550113;CEF;DIVERS;550113;VCA125 PVC RENF;Nather;UN;24,65;17;
550121;CEF;DIVERS;550121;RECV 80 100X40;Nather;UN;18,13;12,5;
550126;CEF;DIVERS;550126;RECVA 80 100X40;Nather;UN;31,42;21,67;
550123;CEF;DIVERS;550123;RECV 125 135X65;Nather;UN;26,59;18,34;
550128;CEF;DIVERS;550128;RECVA125 135X65;Nather;UN;31,42;21,67;
550131;CEF;DIVERS;550131;TH80 25MM EN L;Nather;UN;16,99;11,72;
530003;CEF;DIVERS;530003;BOUCHE EXTRACT;Nather;UN;5,21;3,59;
530004;CEF;DIVERS;530004;BOUCHE DIAM 125;Nather;UN;7,45;5,14;
503222PP;CEF;DIVERS;503222PP;KIT Modulo T5+;Nather;UN;272,88;188,19;
534103PRES;CEF;DIVERS;534103PRES;ALIZE PRESENCE;Nather;UN;61,38;42,33;
534126ELEC;CEF;DIVERS;534126ELEC;ALIZE HYGRO CUI;Nather;UN;107,78;74,33;
534123ELEC;CEF;DIVERS;534123ELEC;ALIZE HYGRO CUI;Nather;UN;107,78;74,33;
534125ELEC;CEF;DIVERS;534125ELEC;ALIZE HYGRO CUI;Nather;UN;107,78;74,33;
534111;CEF;DIVERS;534111;ALIZE HYGRO 5/4;Nather;UN;61,90;42,69;
534123;CEF;DIVERS;534123;ALIZE CUISINE H;Nather;UN;95,27;65,7;
533301;CEF;DIVERS;533301;ALIZE 15 + manc;Nather;UN;15,08;10,4;
533302;CEF;DIVERS;533302;ALIZE 15 + manc;Nather;UN;15,08;10,4;
575003;CEF;DIVERS;575003;RUBAN ADHESIF;Nather;UN;23,04;15,89;
93762;CEF;DIVERS;93762;Bobine 25M Ban;ram;UN;26,30;18,14;
95153;CEF;DIVERS;95153;Coque 50 Ramfix;ram;UN;33,70;23,24;
91865;CEF;DIVERS;91865;Boite de 100 Ch;ram;UN;8,70;6;
76154;CEF;DIVERS;76154;Cqe 100 Ramspee;ram;UN;20,65;14,24;
22524;CEF;DIVERS;22524;Bte 200 vis agg;ram;UN;10,45;7,21;
76153;CEF;DIVERS;76153;Cqe 100 Ramspee;ram;UN;19,69;13,58;
81077;CEF;DIVERS;81077;Coque 10 croche;ram;UN;20,23;13,95;
55820;CEF;DIVERS;55820;Seau de 100 Ram;ram;UN;22,45;15,48;
56820;CEF;DIVERS;56820;Seau de 100 Ram;ram;UN;28,32;19,53;
55816;CEF;DIVERS;55816;Seau de 100 Ram;ram;UN;21,40;14,76;
91910;CEF;DIVERS;91910;Coque 50 ramtwi;ram;UN;25,06;17,28;
63605;CEF;DIVERS;63605;Cart. 310 Ml Ma;ram;UN;9,63;6,64;
9062;CEF;DIVERS;9062;Bte 200 vis chev.;ram;UN;10,45;7,21;
1013;CEF;DIVERS;1013;Syt 1P24G 100M;SYT1;UN;585,80;404;
1015;CEF;DIVERS;1015;Syt 2P24G 100M;SYT1;UN;852,60;588;
1016;CEF;DIVERS;1016;Syt 3P24G 100M;SYT1;UN;1119,40;772;
1017;CEF;DIVERS;1017;Syt 5P24G 100M;SYT1;UN;1740,00;1200;
1026;CEF;DIVERS;1026;Syt 1P20G 100M;SYT1;UN;933,80;644;
1028;CEF;DIVERS;1028;Syt 2P20G 100M;SYT1;UN;1577,60;1088;
1029;CEF;DIVERS;1029;Syt 3P20G 100M;SYT1;UN;2180,80;1504;
1030;CEF;DIVERS;1030;Syt 5P20G 100M;SYT1;UN;3549,60;2448;
1032;CEF;DIVERS;1032;Syt1 10P Awq20;SYT1;UN;6838,20;4716;
6447;CEF;DIVERS;6447;COLLIER BELT 9*180 BTE;EUROTEC;UN;0,10;0,07;
6451;CEF;DIVERS;6451;COLLIER BELT 9*132 BTE;EUROTEC;UN;0,10;0,07;
6453;CEF;DIVERS;6453;COLLIER BELT 9*265 BTE;EUROTEC;UN;0,16;0,11;
6455;CEF;DIVERS;6455;COLLIER BELT 9*360 BTE;EUROTEC;UN;0,22;0,15;
1041301;CEF;DIVERS;1041301;EMBASE 14*18 P/COLLIER;EUROTEC;UN;0,07;0,05;
5458;CEF;DIVERS;5458;EMBASE AVEC CHEVILLE 6,5;EUROTEC;UN;0,07;0,05;
273112;CEF;DIVERS;273112;BORNE 2X1,0 - 2,5MM²;WAGO;UN;0,15;0,1;
224112;CEF;DIVERS;224112;VORNE LUMINAIRE 2X2,5MM²;WAGO;UN;0,26;0,18;
273104;CEF;DIVERS;273104;borne 3x1,0 -2,5mm²;WAGO;UN;0,17;0,12;
273102;CEF;DIVERS;273102;borne 4x1,0 -2,5mm131;WAGO;UN;0,22;0,15;
273105;CEF;DIVERS;273105;borne 5x1,0 -2,5mm132;WAGO;UN;0,23;0,16;
773208;CEF;DIVERS;773208;borne 8x1,0 - 2,5mm² semi - r;WAGO;UN;0,32;0,22;
273245;CEF;DIVERS;273245;borne deriv transp 5x1,25;WAGO;UN;0,23;0,16;
EDF18/830;CEF;ECLAIRAGE;EDF18/830;Tube Fluo Hr 18W 3000;Edison;UN;2,12;1,46;
EDF18/835;CEF;ECLAIRAGE;EDF18/835;Tube Fluo Hr 18W 3500;Edison;UN;2,91;2,01;
EDF18/840;CEF;ECLAIRAGE;EDF18/840;Tube Fluo Hr 18W 4000;Edison;UN;2,12;1,46;
EDF18/865;CEF;ECLAIRAGE;EDF18/865;Tube Fluo Hr 18W 6500;Edison;UN;2,12;1,46;
EDF36/830;CEF;ECLAIRAGE;EDF36/830;Tube Fluo Hr 36W 3000;Edison;UN;2,52;1,74;
EDF36/835;CEF;ECLAIRAGE;EDF36/835;Tube Fluo Hr 36W 3500;Edison;UN;2,52;1,74;
EDF36/840;CEF;ECLAIRAGE;EDF36/840;Tube Fluo Hr 36W 4000;Edison;UN;2,52;1,74;
EDF36/865;CEF;ECLAIRAGE;EDF36/865;Tube Fluo Hr 36W 6500;Edison;UN;2,91;2,01;
EDF58/830;CEF;ECLAIRAGE;EDF58/830;Tube Fluo Hr 58W 3000;Edison;UN;2,62;1,81;
EDF58/840;CEF;ECLAIRAGE;EDF58/840;Tube Fluo Hr 58W 4000;Edison;UN;2,62;1,81;
EDF58/865;CEF;ECLAIRAGE;EDF58/865;Tube Fluo Hr 58W 6500;Edison;UN;2,62;1,81;
516639;CEF;ECLAIRAGE;516639;Decostar Es 488;Osram;UN;9,45;6,52;
428734;CEF;ECLAIRAGE;428734;Decostar Titan;Osram;UN;4,76;3,28;
428758;CEF;ECLAIRAGE;428758;Decostar Titan;Osram;UN;4,76;3,28;
910813;CEF;ECLAIRAGE;910813;Neptune Poly 2x;Osram;UN;67,06;46,25;
910851;CEF;ECLAIRAGE;910851;Neptune Poly 2x;Osram;UN;42,73;29,47;
910837;CEF;ECLAIRAGE;910837;Neptune Poly 1x;Osram;UN;32,55;22,45;
910875;CEF;ECLAIRAGE;910875;Neptune Poly 1x;Osram;UN;40,70;28,07;
854045;CEF;ECLAIRAGE;854045;St 111 longlife;Osram;UN;0,61;0,42;
854083;CEF;ECLAIRAGE;854083;St 151;Osram;UN;0,61;0,42;
176448;CEF;ECLAIRAGE;176448;Kit Downlight E;Osram;UN;59,00;40,69;
1172-2BB;CEF;GENIE CLIMATIQUE;1172-2BB;"Soleidou""2""Horizon.750W";APPLIMO;UN;585,70;403,93;
1172-3BB;CEF;GENIE CLIMATIQUE;1172-3BB;"Soleidou""2""Horizon.1000W";APPLIMO;UN;597,43;412,02;
1172-4BB;CEF;GENIE CLIMATIQUE;1172-4BB;"Soleidou""2""Horizon.1250W";APPLIMO;UN;662,06;456,59;
1172-5BB;CEF;GENIE CLIMATIQUE;1172-5BB;"Soleidou""2""Horizon.1500W";APPLIMO;UN;713,23;491,88;
1172-7BB;CEF;GENIE CLIMATIQUE;1172-7BB;"Soleidou""2""Horizon.2000W";APPLIMO;UN;824,64;568,72;
1173-3BB;CEF;GENIE CLIMATIQUE;1173-3BB;"Soleidou""2""Vertical 1000W";APPLIMO;UN;631,00;435,17;
1173-5BB;CEF;GENIE CLIMATIQUE;1173-5BB;"Soleidou""2""Vertical.1500W";APPLIMO;UN;812,17;560,12;
1173-7BB;CEF;GENIE CLIMATIQUE;1173-7BB;"Soleidou""2""Vertical 2000W";APPLIMO;UN;951,40;656,14;
1174-2BB;CEF;GENIE CLIMATIQUE;1174-2BB;"Soleidou""2""Bas 750W";APPLIMO;UN;613,57;423,15;
1174-3BB;CEF;GENIE CLIMATIQUE;1174-3BB;"Soleidou""2""Bas 1000W";APPLIMO;UN;625,49;431,37;
1174-5BB;CEF;GENIE CLIMATIQUE;1174-5BB;"Soleidou""2""Bas 1500W";APPLIMO;UN;806,64;556,3;
482021;CEF;GENIE CLIMATIQUE;482021;Equateur Digita;Thermor;UN;512,95;353,76;
482031;CEF;GENIE CLIMATIQUE;482031;Equateur Digita;Thermor;UN;569,33;392,64;
482041;CEF;GENIE CLIMATIQUE;482041;Equateur Digita;Thermor;UN;636,84;439,2;
482051;CEF;GENIE CLIMATIQUE;482051;Equateur Digita;Thermor;UN;696,00;480;
482071;CEF;GENIE CLIMATIQUE;482071;Equateur Digita;Thermor;UN;796,22;549,12;
413121;CEF;GENIE CLIMATIQUE;413121;Radiateur Kenya;Thermor;UN;395,10;272,48;
413131;CEF;GENIE CLIMATIQUE;413131;Radiateur Kenya;Thermor;UN;449,38;309,92;
413141;CEF;GENIE CLIMATIQUE;413141;Radiateur Kenya;Thermor;UN;514,23;354,64;
413151;CEF;GENIE CLIMATIQUE;413151;Radiateur Kenya;Thermor;UN;567,01;391,04;
413171;CEF;GENIE CLIMATIQUE;413171;Radiateur Kenya;Thermor;UN;662,77;457,08;
421131;CEF;GENIE CLIMATIQUE;421131;Radiateur Hypno;Thermor;UN;811,86;559,9;
421151;CEF;GENIE CLIMATIQUE;421151;Radiateur Hypno;Thermor;UN;959,39;661,65;
421171;CEF;GENIE CLIMATIQUE;421171;Radiateur Hypno;Thermor;UN;1084,60;748;
491131;CEF;GENIE CLIMATIQUE;491131;bilbao prog hti blanc 1000w;Thermor;UN;426,69;294,27;
491141;CEF;GENIE CLIMATIQUE;491141;bilbao prog hti blanc 1250w;Thermor;UN;467,36;322,32;
491151;CEF;GENIE CLIMATIQUE;491151;bilbao prog hti blanc 1500w;Thermor;UN;533,92;368,22;
491171;CEF;GENIE CLIMATIQUE;491171;bilbao prog hti blanc 2000w;Thermor;UN;618,96;426,87;
491511;CEF;GENIE CLIMATIQUE;491511;baleares blanc 500w;Thermor;UN;192,15;132,52;
491521;CEF;GENIE CLIMATIQUE;491521;baleares blanc 750w;Thermor;UN;231,87;159,91;
491531;CEF;GENIE CLIMATIQUE;491531;baleares blanc 1000w;Thermor;UN;264,58;182,47;
491541;CEF;GENIE CLIMATIQUE;491541;baleares blanc 1250w;Thermor;UN;297,29;205,03;
491551;CEF;GENIE CLIMATIQUE;491551;baleares blanc 1500w;Thermor;UN;338,17;233,22;
491571;CEF;GENIE CLIMATIQUE;491571;baleares blanc 2000w;Thermor;UN;419,35;289,21;
443121;CEF;GENIE CLIMATIQUE;443121;ray amadeus opt hor blc 750w;Thermor;UN;161,41;111,32;
443131;CEF;GENIE CLIMATIQUE;443131;ray amadeus opt hor  blc 1000w;Thermor;UN;172,90;119,24;
443141;CEF;GENIE CLIMATIQUE;443141;ray amadeus opt hor blc 1250w;Thermor;UN;188,85;130,24;
443151;CEF;GENIE CLIMATIQUE;443151;ray amadeus opt hor blc 1500w;Thermor;UN;202,88;139,92;
443171;CEF;GENIE CLIMATIQUE;443171;ray amadeus opt hor blc 2000w;Thermor;UN;240,53;165,88;
412411;CEF;GENIE CLIMATIQUE;412411;conv evidence 40 blanc 750w;Thermor;UN;63,95;44,1;
412421;CEF;GENIE CLIMATIQUE;412421;conv evidence 40 blanc 0500w;Thermor;UN;65,25;45;
412431;CEF;GENIE CLIMATIQUE;412431;conv evidence 40 blanc 1000w;Thermor;UN;67,21;46,35;
412441;CEF;GENIE CLIMATIQUE;412441;conv evidence 40 blanc 1250w;Thermor;UN;75,04;51,75;
412451;CEF;GENIE CLIMATIQUE;412451;conv evidence 40 blanc 1500w;Thermor;UN;77,00;53,1;
412461;CEF;GENIE CLIMATIQUE;412461;conv evidence 40 blanc 1750w;Thermor;UN;82,87;57,15;
412471;CEF;GENIE CLIMATIQUE;412471;conv evidence 40 blanc 2000w;Thermor;UN;89,39;61,65;
472311;CEF;GENIE CLIMATIQUE;472311;rss corsaire galbe 500w;Thermor;UN;181,25;125;
472321;CEF;GENIE CLIMATIQUE;472321;rss corsaire galbe 750w;Thermor;UN;205,90;142;
472331;CEF;GENIE CLIMATIQUE;472331;rss corsaire galbe 1000w;Thermor;UN;324,51;223,8;
490411;CEF;GENIE CLIMATIQUE;490411;rss allure 0500w;Thermor;UN;516,00;355,86;
490421;CEF;GENIE CLIMATIQUE;490421;rss allure 0750w;Thermor;UN;577,85;398,52;
490431;CEF;GENIE CLIMATIQUE;490431;rss allure 1000w;Thermor;UN;674,95;465,48;
472411;CEF;GENIE CLIMATIQUE;472411;rss riva tendance blc 500w;Thermor;UN;334,15;230,45;
472421;CEF;GENIE CLIMATIQUE;472421;rss riva tendance blc 750w;Thermor;UN;362,86;250,25;
472431;CEF;GENIE CLIMATIQUE;472431;rss riva tendance blc 1000w;Thermor;UN;419,49;289,3;
475011;CEF;GENIE CLIMATIQUE;475011;mozart blc 500w;Thermor;UN;254,79;175,72;
475021;CEF;GENIE CLIMATIQUE;475021;mozart blc 0750w;Thermor;UN;279,47;192,74;
475031;CEF;GENIE CLIMATIQUE;475031;mozart blc 1000w;Thermor;UN;308,82;212,98;
475041;CEF;GENIE CLIMATIQUE;475041;mozart blc 1250w;Thermor;UN;345,51;238,28;
475051;CEF;GENIE CLIMATIQUE;475051;mozart blc 1500w;Thermor;UN;388,19;267,72;
475071;CEF;GENIE CLIMATIQUE;475071;mozart blc 2000w;Thermor;UN;456,23;314,64;
1193-2bb;CEF;GENIE CLIMATIQUE;1193-2bb;pegase 2 horizontal 750w blanc;APPLIMO;UN;460,56;317,63;
1193-3bb;CEF;GENIE CLIMATIQUE;1193-3bb;pegase 2 horizontal 1000w blanc;APPLIMO;UN;491,54;338,99;
1193-4bb;CEF;GENIE CLIMATIQUE;1193-4bb;pegase 2 horizont 1250w blanc;APPLIMO;UN;535,08;369,02;
1193-5bb;CEF;GENIE CLIMATIQUE;1193-5bb;pegase 2 horizont 1500w blanc;APPLIMO;UN;574,45;396,17;
1193-7bb;CEF;GENIE CLIMATIQUE;1193-7bb;pegase 2 horizont 2000w blanc;APPLIMO;UN;663,20;457,38;
1194-3bb;CEF;GENIE CLIMATIQUE;1194-3bb;pegase 2 vertical 1000w blanc;APPLIMO;UN;559,37;385,77;
1194-5bb;CEF;GENIE CLIMATIQUE;1194-5bb;pegase 2 vertical 1500w blanc;APPLIMO;UN;614,64;423,89;
1194-7bb;CEF;GENIE CLIMATIQUE;1194-7bb;pegase 2 vertical 2000w blanc;APPLIMO;UN;700,89;483,37;
1195-2bb;CEF;GENIE CLIMATIQUE;1195-2bb;pegase 2 bas 750w blanc;APPLIMO;UN;545,97;376,53;
1195-3bb;CEF;GENIE CLIMATIQUE;1195-3bb;pegase 2 bas 1000w blanc;APPLIMO;UN;559,37;385,77;
1195-5bb;CEF;GENIE CLIMATIQUE;1195-5bb;pegase 2 bas 1500w blanc;APPLIMO;UN;614,64;423,89;
760202;CEF;SECURITE COMMUNICATION;760202;"Port Video Cl Ml 4""";CHALLENGER;UN;863,72;595,67;
760524;CEF;SECURITE COMMUNICATION;760524;Port Video N&B Villa;CHALLENGER;UN;323,67;223,22;
760621;CEF;SECURITE COMMUNICATION;760621;Port Audio 1PSt Md20;CHALLENGER;UN;83,94;57,89;
730101;CEF;SECURITE COMMUNICATION;730101;Type 4 Secteur Nfs Incend;CHALLENGER;UN;216,37;149,22;
730200;CEF;SECURITE COMMUNICATION;730200;Sirene Evac Type B Incend;CHALLENGER;UN;98,35;67,83;
730250;CEF;SECURITE COMMUNICATION;730250;Dm Memb Incendie Univers;CHALLENGER;UN;39,34;27,13;
730190;CEF;SECURITE COMMUNICATION;730190;Pack Type4 Incendie;CHALLENGER;UN;282,75;195;
730100;CEF;SECURITE COMMUNICATION;730100;Type 4 Piles Nfs Incendie;CHALLENGER;UN;129,82;89,53;
730802;CEF;SECURITE COMMUNICATION;730802;Daaf 5ANs Nf En14604;CHALLENGER;UN;17,40;12;
D1225;CEF;SECURITE COMMUNICATION;D1225;Index-Porte-Eti;Friendland Carillon;UN;5,64;3,89;
D681;CEF;SECURITE COMMUNICATION;D681;Quadra-Blanc;Friendland Carillon;UN;9,35;6,45;
D723W;CEF;SECURITE COMMUNICATION;D723W;Pushlite blanc;Friendland Carillon;UN;14,50;10;
D3126;CEF;SECURITE COMMUNICATION;D3126;Festival -2 Not;Friendland Carillon;UN;25,85;17,83;
D962S WHI;CEF;SECURITE COMMUNICATION;D962S WHI;Libra+Kit Caril;Friendland Carillon;UN;160,81;110,9;
D911S;CEF;SECURITE COMMUNICATION;D911S;Libra+Kit Emet/;Friendland Carillon;UN;111,45;76,86;
D934S;CEF;SECURITE COMMUNICATION;D934S;Libra+Bouton Po;Friendland Carillon;UN;50,08;34,54;
D930S;CEF;SECURITE COMMUNICATION;D930S;Libra+Bouton Po;Friendland Carillon;UN;45,89;31,65;
D912S;CEF;SECURITE COMMUNICATION;D912S;Libra+Kit Emet/;Friendland Carillon;UN;83,55;57,62;
D942S;CEF;SECURITE COMMUNICATION;D942S;Libra+Kit Caril;Friendland Carillon;UN;100,46;69,28;
D917S;CEF;SECURITE COMMUNICATION;D917S;Libra+Kit Recep;Friendland Carillon;UN;76,57;52,81;
740000;CEF;SECURITE COMMUNICATION;740000;bloc evac std 50lms;CHALLENGER;UN;48,87;33,7;
740002;CEF;SECURITE COMMUNICATION;740002;bloc evac sati 100lms;CHALLENGER;UN;62,54;43,13;
740008;CEF;SECURITE COMMUNICATION;740008;bloc antpan std 475lms;CHALLENGER;UN;122,97;84,81;
740764;CEF;SECURITE COMMUNICATION;740764;telecom std/sati 300 baes;CHALLENGER;UN;64,90;44,76;
;;;;;;;;;
;;;;;;;;;
;;;;;;;;;
;;;;;;;;;
;;;;;;;;;
;;;;;;;;;
;;;;;;;;;
;;;;;;;;;
;;;;;;;;;
;;;;;;;;;
;;;;;;;;;
;;;;;;;;;
;;;;;;;;;
;;;;;;;;;
;;;;;;;;;
;;;;;;;;;
;;;;;;;;;
;;;;;;;;;
;;;;;;;;;
;;;;;;;;;
;;;;;;;;;
;;;;;;;;;
;;;;;;;;;
;;;;;;;;;
;;;;;;;;;
;;;;;;;;;
;;;;;;;;;
;;;;;;;;;
;;;;;;;;;
;;;;;;;;;
;;;;;;;;;
;;;;;;;;;
;;;;;;;;;
;;;;;;;;;
;;;;;;;;;
;;;;;;;;;
;;;;;;;;;
;;;;;;;;;
;;;;;;;;;
;;;;;;;;;
;;;;;;;;;
;;;;;;;;;
;;;;;;;;;
;;;;;;;;;
;;;;;;;;;
;;;;;;;;;
;;;;;;;;;
;;;;;;;;;
;;;;;;;;;
;;;;;;;;;
;;;;;;;;;
;;;;;;;;;
;;;;;;;;;
;;;;;;;;;
;;;;;;;;;
;;;;;;;;;
;;;;;;;;;
;;;;;;;;;
;;;;;;;;;
;;;;;;;;;
;;;;;;;;;
;;;;;;;;;
;;;;;;;;;
;;;;;;;;;
;;;;;;;;;
;;;;;;;;;
;;;;;;;;;
;;;;;;;;;
;;;;;;;;;
;;;;;;;;;
;;;;;;;;;
;;;;;;;;;
;;;;;;;;;
;;;;;;;;;
;;;;;;;;;
;;;;;;;;;
;;;;;;;;;
;;;;;;;;;
;;;;;;;;;
;;;;;;;;;
;;;;;;;;;
;;;;;;;;;
ALB81371;CEF;;ALB81371;plq 3p71v h design alv b;SCHNEIDER;UN;15,88;10,95;
