_ID;FOURNISSEUR;FAMILLE;REF_FABRICANT;REF_DISTRIBUTEUR;DESIGNATION;MARQUE;PRIX_AU;PRIX_BASE;PRIX_NET;;
500000;BEAUPLET;sanitaire;P327501;1590111;RECEV.GRESPOS.80X80ULYS.D90P327501;idéalstandard;unité;107,6;63,95;;
500001;BEAUPLET;sanitaire;P327601;1590138;RECEV.GRESPOS.90X90ULYS.D90P327601;idéalstandard;unité;219,2;111,15;;
500002;BEAUPLET;sanitaire;P115801;1590154;BAIGNOIREULYSSE2BLC160X75P115801;idéalstandard;unité;206;84;;
500003;BEAUPLET;sanitaire;P115701;1590162;BAIGNOIREULYSSE2BLC170X75P115701;idéalstandard;unité;206;84;;
500004;BEAUPLET;sanitaire;P106201;1590170;BAIGNOIREULYSSE2BLC170X70P106201;idéalstandard;unité;196,6;82;;
500005;BEAUPLET;sanitaire;P104201;1590189;BAIGNOIR.ACR.ULYSS.BLC160X70P104201;idéalstandard;unité;163,3;81;;
500006;BEAUPLET;sanitaire;B4098AA;1590227;MITIG.LAVABOCERAPLANA/VID.B4098AA;idéalstandard;unité;88,7;44,95;;
500007;BEAUPLET;sanitaire;B3699AA;1590251;MITIG.DCHECERAPLANMUR.A/RB3699AA;idéalstandard;unité;96,3;45;;
500008;BEAUPLET;sanitaire;B3697AA;1590278;MITIG.B/DCERAPLANMUR.A/RB3697AA;idéalstandard;unité;129,8;63;;
500009;BEAUPLET;sanitaire;B4101AA;1590286;MITIG.B/DCERAPLANMONOTROUB4101AA;idéalstandard;unité;115,8;54,35;;
500010;BEAUPLET;sanitaire;D1703AA;1590383;MELANGEURLAVABOULYSSECD1703AA;idéalstandard;unité;77,4;39;;
500011;BEAUPLET;sanitaire;E797801;1590510;VASQUECONNECT56X48BLANCE797801;idéalstandard;unité;142,5;66,99;;
500012;BEAUPLET;sanitaire;P125601;1590626;LAVABOULYSSE60P125601;idéalstandard;unité;43;24,2;;
500013;BEAUPLET;sanitaire;P204201;1590634;COLONNELAVABOULYSSEBLCHEP204201;idéalstandard;unité;30,1;16,05;;
500014;BEAUPLET;sanitaire;P929801;1590650;RESERVOIR3/6LULYSSEP929801;idéalstandard;unité;72,3;33,28;;
500015;BEAUPLET;sanitaire;P144801;1590669;VASQUEULYSSE57X48BLCP144801;idéalstandard;unité;49,7;28,99;;
500016;BEAUPLET;sanitaire;P327201;1604686;RECEV.ENC.80X80ULYS.D90BLCP327201;idéalstandard;unité;107,6;68,6;;
500017;BEAUPLET;sanitaire;P327301;1604694;RECEV.AENC.90X90ULYS.D90P327301;idéalstandard;unité;219,2;111,15;;
500018;BEAUPLET;sanitaire;P107101;1609963;BAIGNOIREULYSSE2BLC135X135P107101;idéalstandard;unité;372,5;209;;
500019;BEAUPLET;sanitaire;B7612AA;1610023;MITIGEUREVIERCERAPLANB7612AA;idéalstandard;unité;122,2;57;;
500020;BEAUPLET;sanitaire;P125501;1610082;LAVABOULYSSE55X46ATPBLCP125501;idéalstandard;unité;42;23,25;;
500021;BEAUPLET;sanitaire;P239401;1610112;CUVETTEREHAUSSEBLCULYSSEP239401;idéalstandard;unité;128,2;72;;
500022;BEAUPLET;sanitaire;D1634AA;1615122;MELANG.B/DCHEULYS.MONOTROUA/GD1634AA;idéalstandard;unité;99,1;47,84;;
500023;BEAUPLET;sanitaire;D1752AA;1616188;MELANG.DCHEULYSSECMONOTR.D1752AA;idéalstandard;unité;61,6;27,45;;
500024;BEAUPLET;sanitaire;D1624AA;1616196;ROB.LAVEMAINSE/FULYSSED1624AA;idéalstandard;unité;44,2;25,38;;
500025;BEAUPLET;sanitaire;D1689AA;1616218;MELANG.EVIERULYSS.MONOTROUD1689AA;idéalstandard;unité;50,4;22,96;;
500026;BEAUPLET;sanitaire;D1652AA;1616226;MELANG.ALPHADOUCHECLAPETD1652AA;idéalstandard;unité;50,4;25,3;;
500027;BEAUPLET;sanitaire;D1603AA;1617699;MELANG.LAVABOULYSSEA/VID.D1603AA;idéalstandard;unité;61;30,53;;
500028;BEAUPLET;sanitaire;D1107AA;1642863;MIT.LAVAB.OLYOS2A/VID.POLYD1107AA;idéalstandard;unité;72,4;32,42;;
500029;BEAUPLET;sanitaire;D1157AA;1642898;MIT.DCHEOLYOS2MUR.A/RAC.D1157AA;idéalstandard;unité;76,6;34,83;;
500030;BEAUPLET;sanitaire;D1136AA;1642901;MIT.BAIN-DCHEOLYOS2MONOTR.D1136AA;idéalstandard;unité;98,1;46,75;;
500031;BEAUPLET;sanitaire;E711601;1712861;CUVETTESUSPENDUECONNECTE711601;idéalstandard;unité;211,8;99,39;;
500032;BEAUPLET;sanitaire;P948001;1805533;PACKWCNOEBLANCP948001;idéalstandard;unité;146,8;59,95;;
500033;BEAUPLET;sanitaire;D0356AA;1856588;MITIG.DCHEMURALTHERM.PRECITHERM3D0356AA;idéalstandard;unité;203,8;95;;
500034;BEAUPLET;sanitaire;D0357AA;1979205;MIT.BAIN/DCHEMURALPRECITHERM3CHRNEWD0357AA;idéalstandard;unité;266,5;135;;
500035;BEAUPLET;sanitaire;E904301;6658156;CUVETTESHSUSPENDUSULYSSEBLCE904301;idéalstandard;unité;70;42;;
500036;BEAUPLET;sanitaire;E903401;6671837;RESERVOIRULYSSEDCALLATBLCE903401;idéalstandard;unité;72,3;37;;
500037;BEAUPLET;sanitaire;E902701;6671845;CUVETTEULYSSESORT.HORIZ.BLCE902701;idéalstandard;unité;64,6;34;;
500038;BEAUPLET;chauffage;808;635901;CORPSROB.THERMOS.EQU.12X17808;comap;unité;15,76;11,57;;
500039;BEAUPLET;chauffage;808;635928;CORPSROB.THERMOS.EQU.15X21808;comap;unité;16,27;12,5;;
500040;BEAUPLET;chauffage;808;635936;CORPSROB.THERMOS.EQU.20X27808;comap;unité;22,21;16,31;;
500041;BEAUPLET;chauffage;809;635944;CORPSROB.THERMOS.DRT12X17809;comap;unité;15,99;10,81;;
500042;BEAUPLET;chauffage;809;635952;CORPSROB.THERMOS.DRT15X21809;comap;unité;16,56;12,51;;
500043;BEAUPLET;chauffage;R809;635960;CORPSROB.THERMOS.DRT20X27R809;comap;unité;22,88;15,47;;
500044;BEAUPLET;chauffage;605;690864;THERMOSTATEAUCHAUDE20X27605;comap;unité;83,52;49,581;;
500045;BEAUPLET;chauffage;889;933147;GROUPEDESECURITE20X27889;comap;unité;21,31;9,98;;
500046;BEAUPLET;chauffage;933UN;1126210;CORPSTHERMOTRIAXE15X21933UN;comap;unité;21,72;15,94;;
500047;BEAUPLET;chauffage;SENSO;1227785;TETETHERMOS.SENSOM28R100000;comap;unité;24,11;16,3;;
500048;BEAUPLET;chauffage;SENSO-S;1227793;TETETHERMOS.SONDE2MSENSO-SR100002;comap;unité;40,05;27,08;;
500049;BEAUPLET;chauffage;418U;1229168;ROBINETRADIAT.EQU.S.R.12X17418U;comap;unité;12,03;8,84;;
500050;BEAUPLET;chauffage;418U;1229176;ROBINETRADIAT.EQU.S.R.15X21418U;comap;unité;14,35;11,1;;
500051;BEAUPLET;chauffage;418U;1229184;ROBINETRADIAT.EQU.S.R.20X27418U;comap;unité;19,44;16,91;;
500052;BEAUPLET;chauffage;419U;1229192;ROBINETRADIAT.DROITSR12X17419U;comap;unité;13,36;9,81;;
500053;BEAUPLET;chauffage;419U;1229206;ROBINETRADIAT.DROITSR15X21419U;comap;unité;15,8;12,21;;
500054;BEAUPLET;chauffage;3428;1229222;RACCORDREGLAGEEQUERRE12X173428;comap;unité;8,99;6,59;;
500055;BEAUPLET;chauffage;3428;1229230;RACCORDREGLAGEEQUERRE15X213428;comap;unité;10,82;7,94;;
500056;BEAUPLET;chauffage;3428;1229249;RACCORDREGLAGEEQUERRE20X273428;comap;unité;16,12;11,84;;
500057;BEAUPLET;chauffage;3429;1229265;RACCORDREGLAGEDROIT12X173429;comap;unité;9,72;8,45;;
500058;BEAUPLET;chauffage;3429;1229273;RACCORDREGLAGEDROIT15X213429;comap;unité;12,03;9,3;;
500059;BEAUPLET;chauffage;3429;1229281;RACCORDREGLAGEDROIT20X273429;comap;unité;17,08;13,19;;
500060;BEAUPLET;chauffage;SENSORI;1393049;TETETHERMOSTATIQ.ROB.INT.SENSORIR100100;comap;unité;24,11;18,8;;
500061;BEAUPLET;chauffage;REVERSO;1412000;GROUPEDESECURITE20X27REVERSO890;comap;unité;40,15;29,5;;
500062;BEAUPLET;chauffage;8881;1497898;GROUPESECURITE1COUDE8881;comap;unité;162,2;124;;
500063;BEAUPLET;sanitaire;1611010016;1827766;FILTREDOMEST.3COMPLET1611010016;CR2JAQUALINE;unité;39,87;26,19;;
500064;BEAUPLET;sanitaire;1617002554;1827774;FILTREDUPLEXQUALICPLT1617002554;CR2JAQUALINE;unité;112,2;64,61;;
500065;BEAUPLET;sanitaire;1726012112;1827790;CARTOUCHEFILTR.EXTR25µ1726012112;CR2JAQUALINE;unité;4,98;3,43;;
500066;BEAUPLET;sanitaire;1726012117;1827804;CARTOUCHECHARBONACTIF1726012117;CR2JAQUALINE;unité;25,87;15,97;;
500067;BEAUPLET;sanitaire;1726012116;1847422;CART.BILLESILICOPOLYPH.1726012116;CR2JAQUALINE;unité;32,35;20,92;;
500068;BEAUPLET;sanitaire;1726012119;1847430;KIT3CART.EXTRUDEE25µ.1726012119;CR2JAQUALINE;unité;14,62;9,44;;
500069;BEAUPLET;sanitaire;1726012121;1847449;KIT2CART.EXTR.25µ+1SILI.1726012121;CR2JAQUALINE;unité;42,1;30,19;;
500070;BEAUPLET;sanitaire;1717000006;1847457;CART.CONDENSEMASTER+RACC.1717000006;CR2JAQUALINE;unité;84,56;49,93;;
500071;BEAUPLET;chauffage;FLEXCON25;691577;VASEFLEXCONS/PRESCO25L/1,026266;FLAMCOFLEXCONSARL;unité;48;31,58;;
500072;BEAUPLET;chauffage;FLEXCON18;691585;VASEFLEXCONS/PRESCO18L/1,026186;FLAMCOFLEXCONSARL;unité;40;26;;
500073;BEAUPLET;chauffage;FLEXCON12;794759;VASEFLEXCONS/PRESCO12L/0,526125;FLAMCOFLEXCONSARL;unité;39;25;;
500074;BEAUPLET;sanitaire;283304KD1;1657860;MECANISMEDUONEMOUNIVERS.DBLE283304KD1;GEBERIT;unité;80,28;46;;
500075;BEAUPLET;sanitaire;283004211;1657879;MECANISMESOLONEMOUNIVERS.283004211;GEBERIT;unité;77;43;;
500076;BEAUPLET;sanitaire;111333005;1657933;BATI-SUPPORTDUOFIXAUTOPORT.111333005;GEBERIT;unité;373,04;155;;
500077;BEAUPLET;sanitaire;111303005;1716859;BATI-SUPPORTDUOFIXUP320111303005;GEBERIT;unité;323,15;169;;
500078;BEAUPLET;sanitaire;33412001;1580612;MITIGEURBAIN-DOUCHEEUROSMARTMONOTROU;grohé;unité;137;57,92;;
500079;BEAUPLET;sanitaire;32158001;1580604;MITIGEURBAIN-DOUCHEEUROSMARTMURALA/RACCORDS;grohé;unité;131;57,23;;
500080;BEAUPLET;sanitaire;34439000;6696775;MITIGEURTHERMOSTATIQUEBAIN-DOUCHEGROHTHERM1000C3A/RACCORDS;grohé;unité;286;167,43;;
500081;BEAUPLET;sanitaire;34467001;6704018;MITIGEURTHERMOSTATIQUEBAIN-DOUCHEGROTHERM2000AVECTABLETTE;grohé;unité;440;275,37;;
500082;BEAUPLET;sanitaire;27296001;1781650;COLONNEDEDOUCHEEUPHORIASYSTEMAVECMITIGEURTHERMOSTATIQUE1000+DOUCHEDETÊTEØ1802JETS;grohé;unité;624;359,34;;
500083;BEAUPLET;sanitaire;27230001;6674275;"ENSEMBEDOUCHEEUPHORIA600MM+PORTESAVON
";grohé;unité;99;62,11;;
500084;BEAUPLET;sanitaire;27922000;6674399;ENSEMBLEDEDOUCHENEWTEMPESTACOSMOPOLITAINAVECTHERMOSTATIQUEMURAL;grohé;unité;519;295,74;;
500085;BEAUPLET;sanitaire;28942000;1664425;ENSEMBLEDEDOUCHESURBARRERELEXATRIO;grohé;unité;186,5;122,57;;
500086;BEAUPLET;sanitaire;27794000;6640656;ENSEMBLEDEDOUCHESURBARRETEMPESTAIIIJETSAVECDOUCHETTE28261;grohé;unité;79,5;52,25;;
500087;BEAUPLET;sanitaire;27644000;6675700;ENSEMBLEDEDOUCHESURBARRETEMPESTAIIIJETSCLASSIQUE;grohé;unité;79,5;52,25;;
500088;BEAUPLET;sanitaire;28593001;6640664;ENSEMBLEDEDOUCHESURBARRETEMPESTAIVJETSCLASSIQUEAVECPORTESAVON;grohé;unité;102;67,03;;
500089;BEAUPLET;sanitaire;28409000;1567616;FLEXIBLEDEDOUCHEANTI-TORSIONROTAFLEX1M50;grohé;unité;23,2;15,24;;
500090;BEAUPLET;sanitaire;32172001;1580620;MITIGEURDOUCHEEUROSMARTA/RACCORDS;grohé;unité;106;61,80;;
500091;BEAUPLET;sanitaire;32229001;1580671;MITIGEURDOUCHEEUROSTYLEA/RACCORDS;grohé;unité;143;93,98;;
500092;BEAUPLET;sanitaire;34438000;6691811;MITIGEURTHERMOSTATIQUEDOUCHEGROHTHERM1000C3A/RACCORDS;grohé;unité;218;128,26;;
500093;BEAUPLET;sanitaire;34169000;1567527;MITIGEURTHERMOSTATIQUEDOUCHEGROHTHERM2000A/RACCORDS;grohé;unité;322;204,64;;
500094;BEAUPLET;sanitaire;32223001;1659650;MITIGEUREVIEREUROSMARTBECHAUTTUBULAIRE;grohé;unité;142;60,42;;
500095;BEAUPLET;sanitaire;32221001;1659642;MITIGEUREVIEREUROSMARTMONOTROUC3;grohé;unité;142;93,32;;
500096;BEAUPLET;sanitaire;32926001;1580582;MITIGEURLAVABOEUROSMARTA/VIDAGEC3;grohé;unité;98;53,28;;
500097;BEAUPLET;sanitaire;38340001;1535749;BATISUPPORTAUTOPORTANTRAPIDSL2TOUCHES;grohé;unité;329;139,00;;
500098;BEAUPLET;sanitaire;38505SH0;1559486;PLAQUEDECOMMANDEABSVERTIC.BLANCHESKATEAIR;grohé;unité;60;24,73;;
500099;BEAUPLET;sanitaire;38505000;1566032;PLAQUEDECOMMANDEABSVERTIC.CHROMESKATEAIR;grohé;unité;71,5;31,08;;
500100;BEAUPLET;sanitaire;63000;1616528;ROBINETTEMPOSTOPMURAL1/263000;LESROBINETSPRESTO;unité;42,75;31,74;;
500101;BEAUPLET;sanitaire;70062;1616536;BECMOBILE15CMLAITONF1/270062;LESROBINETSPRESTO;unité;11,68;8,68;;
500102;BEAUPLET;sanitaire;70229;1616544;PAIREPRERACC.APPLIQU.EQUERR.70229;LESROBINETSPRESTO;unité;22,31;16,56;;
500103;BEAUPLET;sanitaire;31933;1616560;KITTEMPOSTOPURINOIR31933;LESROBINETSPRESTO;unité;81,39;65,52;;
500104;BEAUPLET;sanitaire;70065;1634496;BECMOBILE30CMLAITONF1/270065;LESROBINETSPRESTO;unité;14,32;10,64;;
500105;BEAUPLET;sanitaire;70069;1634526;BECMOBILE20CMLAITONF3/470069;LESROBINETSPRESTO;unité;14,94;11,1;;
500106;BEAUPLET;sanitaire;70071;1634534;BECMOBILE30CMLAITONF3/470071;LESROBINETSPRESTO;unité;17,09;12,69;;
500107;BEAUPLET;sanitaire;70505;1634704;SIPHONSOLDROIT100X10070505;LESROBINETSPRESTO;unité;28,22;20,95;;
500108;BEAUPLET;sanitaire;70689;1634763;MELANG.MURALEVIER110MMM1/270689;LESROBINETSPRESTO;unité;54,21;40,26;;
500109;BEAUPLET;sanitaire;70694;1634801;MELANG.MURALEVIER90MMM1/270694;LESROBINETSPRESTO;unité;71,81;53,33;;
500110;BEAUPLET;sanitaire;70340;1635166;CACHETROULUXECHR70340;LESROBINETSPRESTO;unité;8,09;6,01;;
500111;BEAUPLET;sanitaire;70341;1635174;CACHETROULUXEEPOXYBLC70341;LESROBINETSPRESTO;unité;8,85;6,57;;
500112;BEAUPLET;sanitaire;70650;1635182;MELANGEURMURALDOUCHEE60MM70650;LESROBINETSPRESTO;unité;42,09;31,72;;
500113;BEAUPLET;sanitaire;70657;1635204;MELANGEURMURALDOUCHEE120MM70657;LESROBINETSPRESTO;unité;67,44;50,08;;
500114;BEAUPLET;sanitaire;70750;1635255;MITIG.MONOCOMMANDEB/DE60A8070750;LESROBINETSPRESTO;unité;115,94;86,1;;
500115;BEAUPLET;sanitaire;70751;1635263;MITIG.MONOCOMMANDB/DE100A12070751;LESROBINETSPRESTO;unité;115,94;86,1;;
500116;BEAUPLET;sanitaire;70752;1635271;MITIG.MONOCOMMANDED/EE60A8070752;LESROBINETSPRESTO;unité;82,24;61,07;;
500117;BEAUPLET;sanitaire;70753;1635298;MITIG.MONOCOMMANDD/EE100A12070753;LESROBINETSPRESTO;unité;82,24;61,07;;
500118;BEAUPLET;sanitaire;01028;1635344;TETELAVABOE/FROID.P/605-504.01028;LESROBINETSPRESTO;unité;26,62;19,77;;
500119;BEAUPLET;sanitaire;31683;1635379;CDEFEMORALEPRESTO712E31683;LESROBINETSPRESTO;unité;82,42;61,2;;
500120;BEAUPLET;sanitaire;01027;1635433;TETEINTERCHANG.P/12/12A01027;LESROBINETSPRESTO;unité;26,62;19,77;;
500121;BEAUPLET;sanitaire;01007;1635522;TETEINTERCHANGEABLEP/ECLAIR01007;LESROBINETSPRESTO;unité;46,13;34,26;;
500122;BEAUPLET;sanitaire;19050;677434;RESERVOIREAUFROID.SP6ACS500L19050;massal;unité;820,5;279;;
500123;BEAUPLET;sanitaire;19030;677442;RESERVOIREAUFROID.SP6ACS300L19030;massal;unité;611,71;299;;
500124;BEAUPLET;sanitaire;19020;677450;RESERVOIREAUFROID.SP6ACS200L19020;massal;unité;535,82;399;;
500125;BEAUPLET;sanitaire;19100;686077;RESERVOIREAUFROID.SP6ACS1000L19100;massal;unité;1671,9;799;;
500126;BEAUPLET;sanitaire;MS2001;1831704;DESEMBOUEUROPSIAL1LMS2001;MITTENAERESERVICE;unité;31,4;17,66;;
500127;BEAUPLET;sanitaire;MS1901;1831712;NEUTRALISANTOPSIAL1LMS1901;MITTENAERESERVICE;unité;32,2;18,11;;
500128;BEAUPLET;sanitaire;43211016;1814753;ABATTANTMENTONBLANC43211016;SIAMP***;unité;24,75;16,71;;
500129;BEAUPLET;sanitaire;47105610;1816721;ABATTANTOPIOTHERMOPL.BLC47105610;SIAMP***;unité;31,5;21,3;;
500130;BEAUPLET;sanitaire;95821110;1816748;ABAT.VALLAURISFREINCHUTETHERMOPL.BLC95821110;SIAMP***;unité;37,56;27,32;;
500131;BEAUPLET;sanitaire;37940010;1816756;MECANISM.CHASSEOPTIMA49/95L37950110;SIAMP***;unité;43,56;30,62;;
500132;BEAUPLET;sanitaire;30950010;1816764;ROBINETFLOTT.LATER.COMP.95L30950110;SIAMP***;unité;13,88;11,08;;
500133;BEAUPLET;sanitaire;30100007;1826646;ROBINETSTD15ELALIM.LAT.30100007;SIAMP***;unité;8,65;7,5;;
500134;BEAUPLET;sanitaire;30990010;1826662;ROB.COMP.99B3/8LALIM.BASSE30990010;SIAMP***;unité;17,03;14,69;;
500135;BEAUPLET;sanitaire;32335010;1826743;MECAN.CHASS.SRORM33ASLEP.32335010;SIAMP***;unité;18,02;13,5;;
500136;BEAUPLET;sanitaire;32700010;1826751;MECAN.CHASS.OPTIMASDLE32700010;SIAMP***;unité;30,37;21,33;;
500137;BEAUPLET;sanitaire;35955010;1826778;MECAN.STORM33A/95LSLE+ROB35955010;SIAMP***;unité;30,3;20,18;;
500138;BEAUPLET;sanitaire;37985010;1826786;MECAN.OPTIM49/95MP+ROB37985010;SIAMP***;unité;47,94;33,78;;
500139;BEAUPLET;sanitaire;38995410;1826794;MECAN.CHAS.ASP43/99BATI+R.38995410;SIAMP***;unité;33,06;22,83;;
500140;BEAUPLET;sanitaire;48710117;1826816;ABATTANTMONACOTHERMOPL.BL48710117;SIAMP***;unité;12,24;9,14;;
500141;BEAUPLET;sanitaire;49305116;1826832;ABATTANTBEAULIEUTHERMOP.BLC49305116;SIAMP***;unité;39,3;27,2;;
500142;BEAUPLET;sanitaire;149B7054;631124;REDUCTEURDEPRESSIONDM15X2111149B7054;SOCLASAS;unité;188,53;72,81;;
500143;BEAUPLET;sanitaire;149B7055;631132;REDUCTEURDEPRESSION11M/M20/27149B7055;SOCLASAS;unité;241,46;93,26;;
500144;BEAUPLET;sanitaire;149B7056;631914;REDUCTEURDEPRESSION11BISFF15/21;SOCLASAS;unité;167,67;64,75;;
500145;BEAUPLET;sanitaire;149B7057;631922;REDUCTEURDEPRESSION11BISFF20/27;SOCLASAS;unité;220,8;85,28;;
500146;BEAUPLET;sanitaire;149B7210;1401149;REDUCTEURPRESS.JUNIOR7BISFF20/27149B7210;SOCLASAS;unité;111,51;494,7;;
500147;BEAUPLET;sanitaire;149B7312;1451847;DETENDEURSECURO5SP-20X27149B7312;SOCLASAS;unité;53;28,66;;
500148;BEAUPLET;sanitaire;149B5909;1911813;PRESSOSTATEAUTRI2-6BARA/VALVE149B5909;SOCLASAS;unité;125,63;49,14;;
500149;BEAUPLET;chauffage;24364;1294768;CUVEFUELSPLEPAROI1000LRELB72NF;SOTRALENTZHABITATSAS;unité;428,4;229;;
500150;BEAUPLET;chauffage;24365;1294776;CUVEFUELSPLEPAROI1500LREL72NF;SOTRALENTZHABITATSAS;unité;506,1;269;;
500151;BEAUPLET;chauffage;24366;1294784;CUVEFUELSPLEPAROI2000LREL72NF24366;SOTRALENTZHABITATSAS;unité;716,1;369;;
500152;BEAUPLET;chauffage;30266;1518372;CUVEFUELDBLEPAROIINT.1500LRELCB75;SOTRALENTZHABITATSAS;unité;873,6;449;;
500153;BEAUPLET;chauffage;30265;1548832;CUVEFUELDBLEPAROIINT.1000LRELCB75;SOTRALENTZHABITATSAS;unité;791,7;439;;
500154;BEAUPLET;sanitaire;SANIBROYEURPROSFA;1488872;SANIBROYEURPRO12;STEFRANCAISED'ASSAINISSEMENT;unité;725,73;355;;
500155;BEAUPLET;sanitaire;SANICOMPACTPROSFA*;1616110;SANICOMPACTPRO+BROYEURINTEGRE20;STEFRANCAISED'ASSAINISSEMENT;unité;1027,75;498,2;;
500156;BEAUPLET;sanitaire;SANISPEEDSFA;1616129;SANISPEED15S;STEFRANCAISED'ASSAINISSEMENT;unité;829,45;415;;
500157;BEAUPLET;chauffage;V012;637416;VASEEXPANSIONSTANDARD12LV012;THERMADOR;unité;37,38;20,02;;
500158;BEAUPLET;chauffage;V018;637424;VASEEXPANSIONSTANDARD18LV018;THERMADOR;unité;38,46;20,59;;
500159;BEAUPLET;chauffage;V025;637432;VASEEXPANSIONSTANDARD25LV025;THERMADOR;unité;47,23;25,28;;
500160;BEAUPLET;chauffage;SD20;679070;SOUPAPEDIFFERENTIELLE20X27SD20;THERMADOR;unité;39,27;25,10;;
500161;BEAUPLET;chauffage;VA35180;921378;CIRCULATEURSANSR.U.VA35/180;THERMADOR;unité;130,09;71,75;;
500162;BEAUPLET;chauffage;VA55180;921386;CIRCULATEURSANSR.U.VA55/180;THERMADOR;unité;131,66;72,62;;
500163;BEAUPLET;chauffage;VA65180;921416;CIRCULATEURSANSR.U.VA65/180;THERMADOR;unité;178,05;98,20;;
500164;BEAUPLET;chauffage;ZRU26;921459;P.RACC.UNION1FCIRC.11/2ZRU26;THERMADOR;unité;11,34;6,70;;
500165;BEAUPLET;chauffage;V4V26;1075527;VANNETERMOMIXFTETAR.14V.V4V26;THERMADOR;unité;81,13;49,58;;
500166;BEAUPLET;chauffage;PR;1082663;PURGEURROBOCALFLOT.A/CLAPETPR;THERMADOR;unité;8,84;5,37;;
500167;BEAUPLET;chauffage;ZSM;1155601;SUPPORTMURALVASEEXPANSIONZSM;THERMADOR;unité;32,75;19,91;;
500168;BEAUPLET;chauffage;V4V20;1195638;VANNETERMOMIXFTETAR3/44V.V4V20;THERMADOR;unité;78,38;47,90;;
500169;BEAUPLET;chauffage;S15ZM;1219111;SOUPAPESURETEA/MANO1/2ZMS15ZM;THERMADOR;unité;15,32;9,50;;
500170;BEAUPLET;chauffage;SME130;1311182;SERVOMOTEUR230VSME130;THERMADOR;unité;158,66;87,84;;
500171;BEAUPLET;chauffage;AARM;1320629;AQUASTATPLANCHERCHAUFFANTAARM;THERMADOR;unité;32,82;20,47;;
500172;BEAUPLET;chauffage;VC3V20;1333011;VANNETERMOMIXLAIT.3V3/4VC3V20;THERMADOR;unité;54,79;31,73;;
500173;BEAUPLET;chauffage;RA30E;1470701;REGUL.AUTOMIXT.EXT.SSHORL.RA30E;THERMADOR;unité;714,72;431,17;;
500174;BEAUPLET;chauffage;VC3V15;1477676;VANNETHERMOMIXLAIT.3V1/2VC3V15;THERMADOR;unité;54,67;32,28;;
500175;BEAUPLET;chauffage;BMEL100SK;1682067;BOUT.MELANGE100L1'1/4BMEL100SK;THERMADOR;unité;582,13;336,94;;
500176;BEAUPLET;chauffage;BMEL50SK;1682075;BOUT.MELANGE50L1'1/4BMEL50SK;THERMADOR;unité;440,2;267,82;;
500177;BEAUPLET;chauffage;114561;1432559;COUD.90°FUEL80/125ALU/INO114561;UBBINKFRANCESAS;unité;90,14;57,46;;
500178;BEAUPLET;chauffage;184118;1476823;TERM.GAZVERT.80/125ALU/PVC184118;UBBINKFRANCESAS;unité;140,43;92,03;;
500179;BEAUPLET;chauffage;114558;1476858;COND.FUE.80/125IN/GAL.500MM114558;UBBINKFRANCESAS;unité;72,2;46,03;;
500180;BEAUPLET;chauffage;114562;1476866;COUD.45°FUEL80/125INO/GAL114562;UBBINKFRANCESAS;unité;75,24;47,98;;
500181;BEAUPLET;chauffage;227302;1562819;COND.GAZ60/100PPTL/PVC500MM227302;UBBINKFRANCESAS;unité;33,83;21,68;;
500182;BEAUPLET;chauffage;227352;1573020;COND.GAZ60/1001ML227352;UBBINKFRANCESAS;unité;53,33;33,98;;
500183;BEAUPLET;chauffage;227351;1573039;COND.GAZ60/1000,50ML227351;UBBINKFRANCESAS;unité;38,83;24,75;;
500184;BEAUPLET;chauffage;227201;1573047;COUD.45°GAZ60/100227201;UBBINKFRANCESAS;unité;40,14;25,65;;
500185;BEAUPLET;chauffage;227233;1573055;COUD.90°GAZ60/100227233;UBBINKFRANCESAS;unité;43,31;27,65;;
500186;BEAUPLET;chauffage;114559;1573071;COND.FIOUL80/1250,25ML114559;UBBINKFRANCESAS;unité;53,51;34,11;;
500187;BEAUPLET;chauffage;227303;1573160;COND.CONDENS.60/1001ML227303;UBBINKFRANCESAS;unité;42,63;27,17;;
500188;BEAUPLET;chauffage;227200;1573179;COUD.45°CONDENS.60/100227200;UBBINKFRANCESAS;unité;23,98;15,29;;
500189;BEAUPLET;chauffage;227232;1573187;COUD.90°CONDENS.60/100227232;UBBINKFRANCESAS;unité;30,64;19,93;;
500190;BEAUPLET;chauffage;227531;1780999;COND.80/125PPTL/PVCL500227531**;UBBINKFRANCESAS;unité;42,15;28,23;;
500191;BEAUPLET;chauffage;227532;1781006;COND.80/125PPTL/PVCL1000227532**;UBBINKFRANCESAS;unité;60,41;40,43;;
500192;BEAUPLET;chauffage;227520;1781030;COUDE80/125PPTL/PVC87°227520**;UBBINKFRANCESAS;unité;45,28;30,35;;
500193;BEAUPLET;chauffage;330048;1789236;COND.D80PPTLFLEXIBL.(50M)330048;UBBINKFRANCESAS;unité;25,4;10,31;;
500194;BEAUPLET;chauffage;227540;1805029;CONDUITGAZ80/125L250ALU/PVC227540**;UBBINKFRANCESAS;unité;38,26;25,60;;
500195;BEAUPLET;chauffage;227541;1805037;CONDUITGAZ80/125L500ALU/PVC227541**;UBBINKFRANCESAS;unité;44,71;29,99;;
500196;BEAUPLET;chauffage;227542;1805045;CONDUITGAZ80/125L1000ALU/PVC227542**;UBBINKFRANCESAS;unité;64,84;43,42;;
500197;BEAUPLET;sanitaire;55300000000;1496824;BONDEDOUCHED90VERT55300000000;VALENTINSA;unité;20,42;12,3;;
500198;BEAUPLET;sanitaire;70010000000;1497022;BONDEPLASTIQUEGRILLE70010000000;VALENTINSA;unité;5,46;3,69;;
500199;BEAUPLET;sanitaire;61530000100;1497081;SIPHONBIDETREGLABLE61530000100;VALENTINSA;unité;2,59;1,46;;
500200;BEAUPLET;sanitaire;61030000100;1497146;SIPHONLAVABO370P61030000100;VALENTINSA;unité;2,48;1,29;;
500201;BEAUPLET;sanitaire;60510000000;1497278;BONDELAVABOGRILLE60510000000;VALENTINSA;unité;3,67;2,24;;
500202;BEAUPLET;sanitaire;57520000000;1504908;BOND.PLAST.REC.SHIN.8557520000000;VALENTINSA;unité;6,46;3,94;;
500203;BEAUPLET;sanitaire;58200000000;1508121;VIDAGEAUTO.CABLECHR58200000000;VALENTINSA;unité;25,22;12,1;;
500204;BEAUPLET;sanitaire;75030000100;1509292;SIPHONEV.CUL.REGL.BLC75030000100;VALENTINSA;unité;2,55;1,29;;
500205;BEAUPLET;sanitaire;57100000000;1544950;SIPHONETTEDOUCHE115JC40INOX571000;VALENTINSA;unité;16,67;9,3;;
500206;BEAUPLET;sanitaire;60990000100;1663585;TUBULUREGAINESPACE11/4S/P609900;VALENTINSA;unité;5,07;3,42;;
500207;BEAUPLET;sanitaire;66030000000;1681796;PIEDRECEVCRICABAC(SACH.4)66030000000;VALENTINSA;unité;19,62;9,5;;
500208;BEAUPLET;sanitaire;12290000000;1851217;BONDELAV.DIGRELICRECOUP.122900;VALENTINSA;unité;25,1;16,95;;
500209;BEAUPLET;sanitaire;2292315;845620;SIPHONGRPESECUR.NORMEFR.2292315;WATTSINDUSTRIESFRANCESAS;unité;3,45;0,69;;
500210;BEAUPLET;sanitaire;2224332;1126091;RACCORDISOL.DIELECTR.20X2724332;WATTSINDUSTRIESFRANCESAS;unité;8,87;5,95;;
500211;BEAUPLET;sanitaire;2252550;1456563;G.SECURITESFR3/452550;WATTSINDUSTRIESFRANCESAS;unité;17,94;6,95;;
500212;BEAUPLET;sanitaire;2252570;1457403;G.SECURITESFR3/4INOX52570;WATTSINDUSTRIESFRANCESAS;unité;28,14;13,5;;
500213;BEAUPLET;sanitaire;2254604;1800094;KITSECURITESFRCHAUFFEEAU54604;WATTSINDUSTRIESFRANCESAS;unité;114;65;;
500214;BEAUPLET;sanitaire;BGM5MONO;1349279;POMPEDESURFACEMONOBGM5107320010;XYLEMWATERSOLUTIONSFRANCESAS;unité;278,19;172,38;;
500215;BEAUPLET;sanitaire;BG11TRI;1349309;POMPEDESURFACETRIBG11104268040;XYLEMWATERSOLUTIONSFRANCESAS;unité;484,11;300,9;;
500216;BEAUPLET;sanitaire;SXM2;1349325;POMPEVIDECAVESXM2MONO107543000;XYLEMWATERSOLUTIONSFRANCESAS;unité;275,46;157,08;;
500217;BEAUPLET;sanitaire;SXM3;1349333;POMPEVIDECAVESXM3MONO107543020;XYLEMWATERSOLUTIONSFRANCESAS;unité;383,5;227,46;;
500218;BEAUPLET;sanitaire;SC207;1349392;POMPEPUITSCUBASC207MONO107660220;XYLEMWATERSOLUTIONSFRANCESAS;unité;635,99;394,74;;
500219;BEAUPLET;sanitaire;BGM11MONO;1349554;POMPEDESURFACEMONOBGM11107320040;XYLEMWATERSOLUTIONSFRANCESAS;unité;460,35;286,62;;
500220;BEAUPLET;sanitaire;5859670;1521241;RESERV.ULTRAPRO100L10BAR5859670;XYLEMWATERSOLUTIONSFRANCESAS;unité;338,4;201,96;;
500221;BEAUPLET;sanitaire;BLOCK24LBGM9;1521276;SURPRESSEURBLOCK24LBGM9107261030;XYLEMWATERSOLUTIONSFRANCESAS;unité;636,57;355,98;;
500222;BEAUPLET;sanitaire;RH60BGM9;1562045;SURPRESSEURRH60BGM95871490;XYLEMWATERSOLUTIONSFRANCESAS;unité;807,84;495;;
